{
    "total": 3,
    "line": 
    [
        {
           "location": [116.005302, 28.678963]
        },
        {
            "location": [116.005302, 28.678963]
        },
        {
            "location": [116.005302, 28.678963]
        }
    ]
}