{
    "total": 5,
    "line": [
        [116.03738,28.690254],
        [116.03738,28.690195],
        [116.037249,28.690187],
        [116.037258,28.689989],
        [116.037937,28.690017],
        [116.038067,28.689965],
        [116.038296,28.689858],
        [116.038341,28.689589],
        [116.038336,28.689169],
        [116.03835,28.688892],
        [116.038471,28.688841],
        [116.038709,28.688753],
        [116.039311,28.688741],
        [116.039504,28.688726],
        [116.039536,28.688516],
        [116.039536,28.688306],
        [116.039697,28.688314],
        [116.039774,28.68812],
        [116.039895,28.68804],
        [116.040003,28.687977],
        [116.040052,28.687906],
        [116.040259,28.687795],
        [116.04029,28.687205],
        [116.040335,28.686626],
        [116.040367,28.685929],
        [116.040398,28.685462],
        [116.040452,28.684689],
        [116.040461,28.684333],
        [116.040452,28.684151],
        [116.040465,28.683806],
        [116.040465,28.683664],
        [116.040488,28.683501],
        [116.040879,28.683505],
        [116.041031,28.68347]
        
    ]
}